id,Title,Image
1,"Remnants of Ancient Streambed on Mars",http://www.nasa.gov/images/content/692087main_Grotzinger-1-pia16156-43_428-321.jpg
2,"Curiosity's Roadside Discoveries",http://www.nasa.gov/images/content/692098main_Grotzinger-2-pia16157-43_428-321.jpg
3,"Where Water Flowed Downslope",http://www.nasa.gov/images/content/692109main_Grotzinger-3-pia16158-43_428-321.jpg
4,"Downslope of the Fan",http://www.nasa.gov/images/content/692121main_Grotzinger-4-pia16159-43_428-321.jpg
5,"Best View of Goulburn Scour",http://www.nasa.gov/images/content/692133main_malin-4pia16187-43_428-321.jpg
6,"Link to a Watery Past",http://www.nasa.gov/images/content/692144main_Williams-2pia16188-43_428-321.jpg
7,"Rock Outcrops on Mars and Earth",http://www.nasa.gov/images/content/692155main_Williams-3pia16189-43_428-321.jpg
8,"Dry Streambed on Alluvial Fan in Northern Chile",http://www.nasa.gov/images/content/692166main_Dietrich-2pia16191-43_428-321.jpg
9,"Curiosity's Rock-Contact Science Begins",http://www.nasa.gov/images/content/691061main_pia16220-43_428-321.jpg
10,"Mars Hand Lens Imager Nested Close-Ups of Rock 'Jake Matijevic'",691084main_pia16221-43_428-321.jpg
11,"Making Tracks on Mars",679732main_pia16095-43_428-321.jpg
